Id,Category
1-1.jpg,4
1-2.jpg,4
1-3.jpg,4
1-4.jpg,4
1-5.jpg,4
1-6.jpg,4
1-7.jpg,4
1-8.jpg,4
1-9.jpg,4
1-10.jpg,4
2-1.jpg,2
2-2.jpg,2
2-3.jpg,2
2-4.jpg,2
2-5.jpg,2
2-6.jpg,2
2-7.jpg,2
2-8.jpg,2
2-9.jpg,2
2-10.jpg,2
3-1.jpg,2
3-2.jpg,2
3-3.jpg,2
3-4.jpg,2
3-5.jpg,2
3-6.jpg,2
3-7.jpg,2
3-8.jpg,2
3-9.jpg,2
3-10.jpg,2
4-1.jpg,2
4-2.jpg,2
4-3.jpg,4
4-4.jpg,1
4-5.jpg,2
4-6.jpg,2
4-7.jpg,2
4-8.jpg,4
4-9.jpg,2
4-10.jpg,1
5-1.jpg,1
5-2.jpg,4
5-3.jpg,4
5-4.jpg,2
5-5.jpg,1
5-6.jpg,4
5-7.jpg,4
5-8.jpg,4
5-9.jpg,2
5-10.jpg,4
6-1.jpg,4
6-2.jpg,4
6-3.jpg,4
6-4.jpg,2
6-5.jpg,4
6-6.jpg,2
6-7.jpg,4
6-8.jpg,2
6-9.jpg,4
6-10.jpg,4
7-1.jpg,1
7-2.jpg,2
7-3.jpg,2
7-4.jpg,1
7-5.jpg,2
7-6.jpg,1
7-7.jpg,2
7-8.jpg,1
7-9.jpg,2
7-10.jpg,2
8-1.jpg,2
8-2.jpg,2
8-3.jpg,2
8-4.jpg,1
8-5.jpg,2
8-6.jpg,2
8-7.jpg,2
8-8.jpg,2
8-9.jpg,2
8-10.jpg,2
9-1.jpg,2
9-2.jpg,4
9-3.jpg,4
9-4.jpg,2
9-5.jpg,2
9-6.jpg,2
9-7.jpg,2
9-8.jpg,4
9-9.jpg,2
9-10.jpg,2
10-1.jpg,4
10-2.jpg,4
10-3.jpg,4
10-4.jpg,4
10-5.jpg,4
10-6.jpg,4
10-7.jpg,4
10-8.jpg,4
10-9.jpg,4
10-10.jpg,4
11-1.jpg,2
11-2.jpg,2
11-3.jpg,2
11-4.jpg,2
11-5.jpg,4
11-6.jpg,2
11-7.jpg,4
11-8.jpg,2
11-9.jpg,2
11-10.jpg,4
12-1.jpg,2
12-2.jpg,4
12-3.jpg,2
12-4.jpg,2
12-5.jpg,2
12-6.jpg,2
12-7.jpg,2
12-8.jpg,2
12-9.jpg,2
12-10.jpg,2
14-1.jpg,2
14-2.jpg,2
14-3.jpg,4
14-4.jpg,4
14-5.jpg,4
14-6.jpg,2
14-7.jpg,4
14-8.jpg,2
14-9.jpg,4
14-10.jpg,2
15-1.jpg,2
15-2.jpg,4
15-3.jpg,4
15-4.jpg,2
15-5.jpg,2
15-6.jpg,4
15-7.jpg,4
15-8.jpg,4
15-9.jpg,4
15-10.jpg,4
16-1.jpg,4
16-2.jpg,4
16-3.jpg,4
16-4.jpg,4
16-5.jpg,2
16-6.jpg,4
16-7.jpg,4
16-8.jpg,4
16-9.jpg,2
16-10.jpg,4
17-1.jpg,2
17-2.jpg,2
17-3.jpg,2
17-4.jpg,2
17-5.jpg,2
17-6.jpg,2
17-7.jpg,2
17-8.jpg,2
17-9.jpg,2
17-10.jpg,2
18-1.jpg,2
18-2.jpg,2
18-3.jpg,2
18-4.jpg,2
18-5.jpg,2
18-6.jpg,2
18-7.jpg,2
18-8.jpg,2
18-9.jpg,2
18-10.jpg,2
19-1.jpg,4
19-2.jpg,2
19-3.jpg,4
19-4.jpg,4
19-5.jpg,4
19-6.jpg,4
19-7.jpg,4
19-8.jpg,2
19-9.jpg,2
19-10.jpg,2
20-1.jpg,2
20-2.jpg,2
20-3.jpg,2
20-4.jpg,2
20-5.jpg,2
20-6.jpg,2
20-7.jpg,2
20-8.jpg,2
20-9.jpg,4
20-10.jpg,2
21-1.jpg,2
21-2.jpg,2
21-3.jpg,1
21-4.jpg,2
21-5.jpg,1
21-6.jpg,1
21-7.jpg,2
21-8.jpg,2
21-9.jpg,2
21-10.jpg,2
22-1.jpg,2
22-2.jpg,2
22-3.jpg,2
22-4.jpg,2
22-5.jpg,2
22-6.jpg,2
22-7.jpg,2
22-8.jpg,2
22-9.jpg,2
22-10.jpg,2
23-1.jpg,1
23-2.jpg,4
23-3.jpg,4
23-4.jpg,1
23-5.jpg,2
23-6.jpg,4
23-7.jpg,2
23-8.jpg,4
23-9.jpg,1
23-10.jpg,4
24-1.jpg,2
24-2.jpg,2
24-3.jpg,4
24-4.jpg,4
24-5.jpg,2
24-6.jpg,2
24-7.jpg,2
24-8.jpg,2
24-9.jpg,4
24-10.jpg,2
25-1.jpg,2
25-2.jpg,2
25-3.jpg,1
25-4.jpg,2
25-5.jpg,4
25-6.jpg,4
25-7.jpg,4
25-8.jpg,4
25-9.jpg,2
25-10.jpg,2
26-1.jpg,2
26-2.jpg,2
26-3.jpg,2
26-4.jpg,4
26-5.jpg,2
26-6.jpg,2
26-7.jpg,2
26-8.jpg,2
26-9.jpg,2
26-10.jpg,2
27-1.jpg,2
27-2.jpg,4
27-3.jpg,2
27-4.jpg,4
27-5.jpg,2
27-6.jpg,4
27-7.jpg,1
27-8.jpg,4
27-9.jpg,4
27-10.jpg,4
28-1.jpg,4
28-2.jpg,4
28-3.jpg,4
28-4.jpg,4
28-5.jpg,4
28-6.jpg,4
28-7.jpg,4
28-8.jpg,4
28-9.jpg,4
28-10.jpg,4
29-1.jpg,4
29-2.jpg,4
29-3.jpg,4
29-4.jpg,4
29-5.jpg,4
29-6.jpg,4
29-7.jpg,4
29-8.jpg,2
29-9.jpg,2
29-10.jpg,4
30-1.jpg,1
30-2.jpg,2
30-3.jpg,2
30-4.jpg,2
30-5.jpg,2
30-6.jpg,2
30-7.jpg,2
30-8.jpg,2
30-9.jpg,2
30-10.jpg,2
31-1.jpg,4
31-2.jpg,4
31-3.jpg,4
31-4.jpg,4
31-5.jpg,4
31-6.jpg,2
31-7.jpg,4
31-8.jpg,4
31-9.jpg,4
31-10.jpg,4
32-1.jpg,2
32-2.jpg,2
32-3.jpg,2
32-4.jpg,2
32-5.jpg,2
32-6.jpg,2
32-7.jpg,2
32-8.jpg,4
32-9.jpg,2
32-10.jpg,2
33-1.jpg,2
33-2.jpg,2
33-3.jpg,1
33-4.jpg,2
33-5.jpg,4
33-6.jpg,2
33-7.jpg,1
33-8.jpg,1
33-9.jpg,2
33-10.jpg,4
34-1.jpg,2
34-2.jpg,2
34-3.jpg,2
34-4.jpg,2
34-5.jpg,2
34-6.jpg,2
34-7.jpg,2
34-8.jpg,2
34-9.jpg,1
34-10.jpg,2
35-1.jpg,2
35-2.jpg,4
35-3.jpg,4
35-4.jpg,4
35-5.jpg,4
35-6.jpg,4
35-7.jpg,2
35-8.jpg,2
35-9.jpg,4
35-10.jpg,4
36-1.jpg,2
36-2.jpg,2
36-3.jpg,2
36-4.jpg,4
36-5.jpg,4
36-6.jpg,2
36-7.jpg,2
36-8.jpg,2
36-9.jpg,2
36-10.jpg,2
37-1.jpg,2
37-2.jpg,2
37-3.jpg,2
37-4.jpg,4
37-5.jpg,2
37-6.jpg,4
37-7.jpg,4
37-8.jpg,2
37-9.jpg,4
37-10.jpg,4
38-1.jpg,2
38-2.jpg,4
38-3.jpg,2
38-4.jpg,4
38-5.jpg,4
38-6.jpg,4
38-7.jpg,4
38-8.jpg,2
38-9.jpg,4
38-10.jpg,2
39-1.jpg,2
39-2.jpg,1
39-3.jpg,2
39-4.jpg,2
39-5.jpg,1
39-6.jpg,1
39-7.jpg,1
39-8.jpg,1
39-9.jpg,2
39-10.jpg,2
40-1.jpg,2
40-2.jpg,4
40-3.jpg,2
40-4.jpg,2
40-5.jpg,4
40-6.jpg,4
40-7.jpg,2
40-8.jpg,2
40-9.jpg,2
40-10.jpg,4
41-1.jpg,2
41-2.jpg,2
41-3.jpg,2
41-4.jpg,4
41-5.jpg,2
41-6.jpg,2
41-7.jpg,2
41-8.jpg,4
41-9.jpg,2
41-10.jpg,2
42-1.jpg,2
42-2.jpg,1
42-3.jpg,1
42-4.jpg,2
42-5.jpg,2
42-6.jpg,2
42-7.jpg,1
42-8.jpg,2
42-9.jpg,2
42-10.jpg,1
43-1.jpg,2
43-2.jpg,2
43-3.jpg,2
43-4.jpg,2
43-5.jpg,2
43-6.jpg,2
43-7.jpg,2
43-8.jpg,2
43-9.jpg,1
43-10.jpg,2
44-1.jpg,2
44-2.jpg,2
44-3.jpg,2
44-4.jpg,2
44-5.jpg,4
44-6.jpg,2
44-7.jpg,2
44-8.jpg,2
44-9.jpg,2
44-10.jpg,2
45-1.jpg,2
45-2.jpg,2
45-3.jpg,2
45-4.jpg,2
45-5.jpg,2
45-6.jpg,2
45-7.jpg,4
45-8.jpg,2
45-9.jpg,1
45-10.jpg,4
46-1.jpg,2
46-2.jpg,2
46-3.jpg,4
46-4.jpg,4
46-5.jpg,4
46-6.jpg,2
46-7.jpg,4
46-8.jpg,2
46-9.jpg,2
46-10.jpg,4
47-1.jpg,4
47-2.jpg,4
47-3.jpg,4
47-4.jpg,4
47-5.jpg,4
47-6.jpg,4
47-7.jpg,4
47-8.jpg,2
47-9.jpg,4
47-10.jpg,4
48-1.jpg,4
48-2.jpg,4
48-3.jpg,4
48-4.jpg,4
48-5.jpg,4
48-6.jpg,4
48-7.jpg,4
48-8.jpg,4
48-9.jpg,4
48-10.jpg,4
49-1.jpg,4
49-2.jpg,4
49-3.jpg,4
49-4.jpg,4
49-5.jpg,4
49-6.jpg,4
49-7.jpg,4
49-8.jpg,4
49-9.jpg,4
49-10.jpg,4
50-1.jpg,4
50-2.jpg,4
50-3.jpg,4
50-4.jpg,4
50-5.jpg,4
50-6.jpg,4
50-7.jpg,4
50-8.jpg,4
50-9.jpg,4
50-10.jpg,4
51-1.jpg,2
51-2.jpg,2
51-3.jpg,2
51-4.jpg,2
51-5.jpg,2
51-6.jpg,2
51-7.jpg,2
51-8.jpg,2
51-9.jpg,2
51-10.jpg,2
52-1.jpg,2
52-2.jpg,2
52-3.jpg,2
52-4.jpg,2
52-5.jpg,2
52-6.jpg,2
52-7.jpg,1
52-8.jpg,2
52-9.jpg,1
52-10.jpg,2
53-1.jpg,2
53-2.jpg,4
53-3.jpg,4
53-4.jpg,4
53-5.jpg,4
53-6.jpg,2
53-7.jpg,4
53-8.jpg,2
53-9.jpg,2
53-10.jpg,4
54-1.jpg,2
54-2.jpg,2
54-3.jpg,2
54-4.jpg,2
54-5.jpg,2
54-6.jpg,2
54-7.jpg,2
54-8.jpg,2
54-9.jpg,2
54-10.jpg,2
55-1.jpg,2
55-2.jpg,4
55-3.jpg,2
55-4.jpg,2
55-5.jpg,4
55-6.jpg,4
55-7.jpg,2
55-8.jpg,4
55-9.jpg,2
55-10.jpg,2
56-1.jpg,2
56-2.jpg,2
56-3.jpg,2
56-4.jpg,2
56-5.jpg,2
56-6.jpg,2
56-7.jpg,2
56-8.jpg,2
56-9.jpg,4
56-10.jpg,2
57-1.jpg,2
57-2.jpg,4
57-3.jpg,4
57-4.jpg,2
57-5.jpg,2
57-6.jpg,2
57-7.jpg,4
57-8.jpg,4
57-9.jpg,4
57-10.jpg,2
58-1.jpg,4
58-2.jpg,4
58-3.jpg,4
58-4.jpg,4
58-5.jpg,4
58-6.jpg,4
58-7.jpg,4
58-8.jpg,4
58-9.jpg,4
58-10.jpg,4
59-1.jpg,4
59-2.jpg,4
59-3.jpg,4
59-4.jpg,4
59-5.jpg,4
59-6.jpg,4
59-7.jpg,4
59-8.jpg,4
59-9.jpg,4
59-10.jpg,4
60-1.jpg,2
60-2.jpg,2
60-3.jpg,2
60-4.jpg,2
60-5.jpg,2
60-6.jpg,2
60-7.jpg,2
60-8.jpg,2
60-9.jpg,2
60-10.jpg,2
61-1.jpg,2
61-2.jpg,2
61-3.jpg,2
61-4.jpg,2
61-5.jpg,2
61-6.jpg,2
61-7.jpg,2
61-8.jpg,2
61-9.jpg,2
61-10.jpg,2
62-1.jpg,4
62-2.jpg,4
62-3.jpg,4
62-4.jpg,4
62-5.jpg,4
62-6.jpg,4
62-7.jpg,4
62-8.jpg,4
62-9.jpg,4
62-10.jpg,4
63-1.jpg,1
63-2.jpg,1
63-3.jpg,2
63-4.jpg,4
63-5.jpg,4
63-6.jpg,2
63-7.jpg,4
63-8.jpg,2
63-9.jpg,2
63-10.jpg,2
64-1.jpg,4
64-2.jpg,4
64-3.jpg,2
64-4.jpg,2
64-5.jpg,4
64-6.jpg,4
64-7.jpg,4
64-8.jpg,4
64-9.jpg,2
64-10.jpg,4
65-1.jpg,2
65-2.jpg,2
65-3.jpg,2
65-4.jpg,4
65-5.jpg,4
65-6.jpg,2
65-7.jpg,2
65-8.jpg,4
65-9.jpg,2
65-10.jpg,4
66-1.jpg,4
66-2.jpg,4
66-3.jpg,4
66-4.jpg,4
66-5.jpg,4
66-6.jpg,4
66-7.jpg,4
66-8.jpg,4
66-9.jpg,4
66-10.jpg,4
67-1.jpg,2
67-2.jpg,4
67-3.jpg,2
67-4.jpg,4
67-5.jpg,2
67-6.jpg,4
67-7.jpg,2
67-8.jpg,2
67-9.jpg,4
67-10.jpg,2
68-1.jpg,2
68-2.jpg,2
68-3.jpg,2
68-4.jpg,2
68-5.jpg,2
68-6.jpg,4
68-7.jpg,4
68-8.jpg,2
68-9.jpg,2
68-10.jpg,4
69-1.jpg,2
69-2.jpg,4
69-3.jpg,2
69-4.jpg,2
69-5.jpg,2
69-6.jpg,2
69-7.jpg,2
69-8.jpg,2
69-9.jpg,2
69-10.jpg,2
70-1.jpg,2
70-2.jpg,2
70-3.jpg,2
70-4.jpg,2
70-5.jpg,2
70-6.jpg,1
70-7.jpg,2
70-8.jpg,2
70-9.jpg,2
70-10.jpg,2
71-1.jpg,2
71-2.jpg,4
71-3.jpg,4
71-4.jpg,4
71-5.jpg,4
71-6.jpg,4
71-7.jpg,4
71-8.jpg,4
71-9.jpg,4
71-10.jpg,4
72-1.jpg,2
72-2.jpg,2
72-3.jpg,2
72-4.jpg,2
72-5.jpg,2
72-6.jpg,2
72-7.jpg,2
72-8.jpg,2
72-9.jpg,2
72-10.jpg,2
73-1.jpg,2
73-2.jpg,4
73-3.jpg,4
73-4.jpg,2
73-5.jpg,4
73-6.jpg,4
73-7.jpg,4
73-8.jpg,4
73-9.jpg,4
73-10.jpg,2
74-1.jpg,4
74-2.jpg,4
74-3.jpg,4
74-4.jpg,4
74-5.jpg,4
74-6.jpg,4
74-7.jpg,4
74-8.jpg,4
74-9.jpg,4
74-10.jpg,4
75-1.jpg,1
75-2.jpg,2
75-3.jpg,1
75-4.jpg,1
75-5.jpg,1
75-6.jpg,2
75-7.jpg,1
75-8.jpg,2
75-9.jpg,2
75-10.jpg,2
76-1.jpg,2
76-2.jpg,4
76-3.jpg,2
76-4.jpg,2
76-5.jpg,4
76-6.jpg,4
76-7.jpg,2
76-8.jpg,1
76-9.jpg,2
76-10.jpg,2
77-1.jpg,2
77-2.jpg,2
77-3.jpg,4
77-4.jpg,4
77-5.jpg,4
77-6.jpg,4
77-7.jpg,4
77-8.jpg,4
77-9.jpg,4
77-10.jpg,4
78-1.jpg,4
78-2.jpg,4
78-3.jpg,4
78-4.jpg,4
78-5.jpg,4
78-6.jpg,4
78-7.jpg,4
78-8.jpg,4
78-9.jpg,2
78-10.jpg,4
79-1.jpg,2
79-2.jpg,2
79-3.jpg,2
79-4.jpg,2
79-5.jpg,4
79-6.jpg,2
79-7.jpg,4
79-8.jpg,2
79-9.jpg,2
79-10.jpg,2
80-1.jpg,4
80-2.jpg,2
80-3.jpg,4
80-4.jpg,4
80-5.jpg,2
80-6.jpg,4
80-7.jpg,4
80-8.jpg,4
80-9.jpg,4
80-10.jpg,4
81-1.jpg,2
81-2.jpg,2
81-3.jpg,2
81-4.jpg,2
81-5.jpg,2
81-6.jpg,2
81-7.jpg,2
81-8.jpg,2
81-9.jpg,2
81-10.jpg,2
82-1.jpg,2
82-2.jpg,2
82-3.jpg,4
82-4.jpg,4
82-5.jpg,2
82-6.jpg,2
82-7.jpg,4
82-8.jpg,4
82-9.jpg,2
82-10.jpg,4
83-1.jpg,4
83-2.jpg,2
83-3.jpg,2
83-4.jpg,1
83-5.jpg,4
83-6.jpg,4
83-7.jpg,4
83-8.jpg,4
83-9.jpg,4
83-10.jpg,2
84-1.jpg,2
84-2.jpg,4
84-3.jpg,4
84-4.jpg,2
84-5.jpg,2
84-6.jpg,2
84-7.jpg,4
84-8.jpg,2
84-9.jpg,2
84-10.jpg,4
85-1.jpg,2
85-2.jpg,2
85-3.jpg,2
85-4.jpg,1
85-5.jpg,2
85-6.jpg,2
85-7.jpg,2
85-8.jpg,2
85-9.jpg,2
85-10.jpg,2
86-1.jpg,2
86-2.jpg,2
86-3.jpg,2
86-4.jpg,2
86-5.jpg,2
86-6.jpg,2
86-7.jpg,2
86-8.jpg,2
86-9.jpg,2
86-10.jpg,4
87-1.jpg,2
87-2.jpg,2
87-3.jpg,2
87-4.jpg,2
87-5.jpg,2
87-6.jpg,2
87-7.jpg,2
87-8.jpg,2
87-9.jpg,2
87-10.jpg,2
88-1.jpg,4
88-2.jpg,4
88-3.jpg,2
88-4.jpg,2
88-5.jpg,2
88-6.jpg,4
88-7.jpg,2
88-8.jpg,2
88-9.jpg,2
88-10.jpg,2
89-1.jpg,4
89-2.jpg,4
89-3.jpg,4
89-4.jpg,4
89-5.jpg,4
89-6.jpg,4
89-7.jpg,4
89-8.jpg,4
89-9.jpg,4
89-10.jpg,4
90-1.jpg,4
90-2.jpg,4
90-3.jpg,4
90-4.jpg,4
90-5.jpg,4
90-6.jpg,4
90-7.jpg,4
90-8.jpg,4
90-9.jpg,4
90-10.jpg,4
91-1.jpg,2
91-2.jpg,2
91-3.jpg,2
91-4.jpg,2
91-5.jpg,2
91-6.jpg,2
91-7.jpg,2
91-8.jpg,2
91-9.jpg,2
91-10.jpg,2
92-1.jpg,4
92-2.jpg,4
92-3.jpg,4
92-4.jpg,2
92-5.jpg,4
92-6.jpg,4
92-7.jpg,4
92-8.jpg,4
92-9.jpg,4
92-10.jpg,4
93-1.jpg,4
93-2.jpg,4
93-3.jpg,2
93-4.jpg,1
93-5.jpg,4
93-6.jpg,1
93-7.jpg,4
93-8.jpg,4
93-9.jpg,1
93-10.jpg,2
94-1.jpg,2
94-2.jpg,2
94-3.jpg,2
94-4.jpg,2
94-5.jpg,2
94-6.jpg,2
94-7.jpg,2
94-8.jpg,2
94-9.jpg,2
94-10.jpg,2
95-1.jpg,4
95-2.jpg,2
95-3.jpg,4
95-4.jpg,4
95-5.jpg,2
95-6.jpg,4
95-7.jpg,2
95-8.jpg,4
95-9.jpg,2
95-10.jpg,2
96-1.jpg,2
96-2.jpg,2
96-3.jpg,2
96-4.jpg,2
96-5.jpg,2
96-6.jpg,2
96-7.jpg,2
96-8.jpg,4
96-9.jpg,4
96-10.jpg,2
97-1.jpg,1
97-2.jpg,1
97-3.jpg,1
97-4.jpg,4
97-5.jpg,2
97-6.jpg,2
97-7.jpg,1
97-8.jpg,4
97-9.jpg,1
97-10.jpg,1
98-1.jpg,2
98-2.jpg,1
98-3.jpg,1
98-4.jpg,2
98-5.jpg,2
98-6.jpg,2
98-7.jpg,2
98-8.jpg,2
98-9.jpg,1
98-10.jpg,2
99-1.jpg,2
99-2.jpg,2
99-3.jpg,2
99-4.jpg,2
99-5.jpg,2
99-6.jpg,2
99-7.jpg,2
99-8.jpg,2
99-9.jpg,2
99-10.jpg,2
101-1.jpg,4
101-2.jpg,4
101-3.jpg,2
101-4.jpg,2
101-5.jpg,2
101-6.jpg,2
101-7.jpg,4
101-8.jpg,4
101-9.jpg,2
101-10.jpg,2
102-1.jpg,2
102-2.jpg,2
102-3.jpg,2
102-4.jpg,2
102-5.jpg,2
102-6.jpg,2
102-7.jpg,2
102-8.jpg,2
102-9.jpg,2
102-10.jpg,2
103-1.jpg,4
103-2.jpg,4
103-3.jpg,4
103-4.jpg,4
103-5.jpg,4
103-6.jpg,4
103-7.jpg,4
103-8.jpg,4
103-9.jpg,4
103-10.jpg,4
104-1.jpg,4
104-2.jpg,4
104-3.jpg,4
104-4.jpg,1
104-5.jpg,2
104-6.jpg,4
104-7.jpg,4
104-8.jpg,2
104-9.jpg,4
104-10.jpg,1
105-1.jpg,2
105-2.jpg,1
105-3.jpg,2
105-4.jpg,4
105-5.jpg,4
105-6.jpg,4
105-7.jpg,2
105-8.jpg,4
105-9.jpg,2
105-10.jpg,2
106-1.jpg,4
106-2.jpg,4
106-3.jpg,4
106-4.jpg,4
106-5.jpg,4
106-6.jpg,4
106-7.jpg,4
106-8.jpg,4
106-9.jpg,4
106-10.jpg,4
107-1.jpg,2
107-2.jpg,2
107-3.jpg,2
107-4.jpg,2
107-5.jpg,2
107-6.jpg,2
107-7.jpg,2
107-8.jpg,2
107-9.jpg,2
107-10.jpg,2
108-1.jpg,4
108-2.jpg,4
108-3.jpg,4
108-4.jpg,4
108-5.jpg,2
108-6.jpg,4
108-7.jpg,4
108-8.jpg,4
108-9.jpg,4
108-10.jpg,4
109-1.jpg,1
109-2.jpg,2
109-3.jpg,1
109-4.jpg,2
109-5.jpg,2
109-6.jpg,2
109-7.jpg,2
109-8.jpg,2
109-9.jpg,2
109-10.jpg,2
110-1.jpg,4
110-2.jpg,2
110-3.jpg,4
110-4.jpg,4
110-5.jpg,4
110-6.jpg,2
110-7.jpg,4
110-8.jpg,2
110-9.jpg,2
110-10.jpg,2
111-1.jpg,2
111-2.jpg,2
111-3.jpg,2
111-4.jpg,2
111-5.jpg,2
111-6.jpg,2
111-7.jpg,2
111-8.jpg,2
111-9.jpg,2
111-10.jpg,2
112-1.jpg,4
112-2.jpg,4
112-3.jpg,4
112-4.jpg,4
112-5.jpg,4
112-6.jpg,4
112-7.jpg,4
112-8.jpg,4
112-9.jpg,4
112-10.jpg,2
113-1.jpg,2
113-2.jpg,2
113-3.jpg,2
113-4.jpg,2
113-5.jpg,4
113-6.jpg,2
113-7.jpg,2
113-8.jpg,2
113-9.jpg,4
113-10.jpg,2
114-1.jpg,4
114-2.jpg,2
114-3.jpg,4
114-4.jpg,4
114-5.jpg,4
114-6.jpg,4
114-7.jpg,4
114-8.jpg,2
114-9.jpg,2
114-10.jpg,2
115-1.jpg,2
115-2.jpg,1
115-3.jpg,2
115-4.jpg,2
115-5.jpg,1
115-6.jpg,2
115-7.jpg,2
115-8.jpg,1
115-9.jpg,4
115-10.jpg,1
116-1.jpg,2
116-2.jpg,2
116-3.jpg,2
116-4.jpg,2
116-5.jpg,2
116-6.jpg,2
116-7.jpg,2
116-8.jpg,2
116-9.jpg,2
116-10.jpg,2
117-1.jpg,2
117-2.jpg,4
117-3.jpg,2
117-4.jpg,4
117-5.jpg,2
117-6.jpg,4
117-7.jpg,4
117-8.jpg,4
117-9.jpg,4
117-10.jpg,2
118-1.jpg,4
118-2.jpg,4
118-3.jpg,4
118-4.jpg,4
118-5.jpg,4
118-6.jpg,4
118-7.jpg,2
118-8.jpg,4
118-9.jpg,4
118-10.jpg,4
119-1.jpg,4
119-2.jpg,4
119-3.jpg,4
119-4.jpg,4
119-5.jpg,4
119-6.jpg,4
119-7.jpg,4
119-8.jpg,4
119-9.jpg,4
119-10.jpg,4
120-1.jpg,4
120-2.jpg,4
120-3.jpg,4
120-4.jpg,4
120-5.jpg,4
120-6.jpg,4
120-7.jpg,4
120-8.jpg,4
120-9.jpg,4
120-10.jpg,4
121-1.jpg,4
121-2.jpg,2
121-3.jpg,2
121-4.jpg,4
121-5.jpg,4
121-6.jpg,4
121-7.jpg,2
121-8.jpg,4
121-9.jpg,4
121-10.jpg,2
122-1.jpg,4
122-2.jpg,2
122-3.jpg,2
122-4.jpg,2
122-5.jpg,4
122-6.jpg,4
122-7.jpg,4
122-8.jpg,4
122-9.jpg,2
122-10.jpg,2
123-1.jpg,2
123-2.jpg,2
123-3.jpg,2
123-4.jpg,2
123-5.jpg,2
123-6.jpg,2
123-7.jpg,2
123-8.jpg,2
123-9.jpg,2
123-10.jpg,2
124-1.jpg,2
124-2.jpg,2
124-3.jpg,1
124-4.jpg,4
124-5.jpg,2
124-6.jpg,1
124-7.jpg,2
124-8.jpg,2
124-9.jpg,4
124-10.jpg,4
125-1.jpg,2
125-2.jpg,2
125-3.jpg,1
125-4.jpg,2
125-5.jpg,2
125-6.jpg,2
125-7.jpg,4
125-8.jpg,2
125-9.jpg,2
125-10.jpg,2
126-1.jpg,2
126-2.jpg,2
126-3.jpg,2
126-4.jpg,2
126-5.jpg,2
126-6.jpg,2
126-7.jpg,2
126-8.jpg,2
126-9.jpg,2
126-10.jpg,4
127-1.jpg,2
127-2.jpg,4
127-3.jpg,4
127-4.jpg,4
127-5.jpg,4
127-6.jpg,4
127-7.jpg,4
127-8.jpg,4
127-9.jpg,4
127-10.jpg,4
128-1.jpg,4
128-2.jpg,4
128-3.jpg,4
128-4.jpg,4
128-5.jpg,4
128-6.jpg,4
128-7.jpg,4
128-8.jpg,4
128-9.jpg,4
128-10.jpg,4
129-1.jpg,4
129-2.jpg,2
129-3.jpg,2
129-4.jpg,2
129-5.jpg,2
129-6.jpg,4
129-7.jpg,4
129-8.jpg,2
129-9.jpg,4
129-10.jpg,4
130-1.jpg,4
130-2.jpg,4
130-3.jpg,4
130-4.jpg,2
130-5.jpg,4
130-6.jpg,2
130-7.jpg,1
130-8.jpg,4
130-9.jpg,2
130-10.jpg,4
131-1.jpg,2
131-2.jpg,2
131-3.jpg,2
131-4.jpg,2
131-5.jpg,2
131-6.jpg,2
131-7.jpg,2
131-8.jpg,2
131-9.jpg,2
131-10.jpg,2
132-1.jpg,2
132-2.jpg,2
132-3.jpg,2
132-4.jpg,1
132-5.jpg,2
132-6.jpg,2
132-7.jpg,4
132-8.jpg,2
132-9.jpg,2
132-10.jpg,2
133-1.jpg,2
133-2.jpg,4
133-3.jpg,2
133-4.jpg,4
133-5.jpg,4
133-6.jpg,1
133-7.jpg,2
133-8.jpg,2
133-9.jpg,2
133-10.jpg,2
134-1.jpg,2
134-2.jpg,2
134-3.jpg,2
134-4.jpg,2
134-5.jpg,2
134-6.jpg,2
134-7.jpg,2
134-8.jpg,2
134-9.jpg,2
134-10.jpg,2
135-1.jpg,2
135-2.jpg,2
135-3.jpg,2
135-4.jpg,2
135-5.jpg,4
135-6.jpg,2
135-7.jpg,2
135-8.jpg,2
135-9.jpg,2
135-10.jpg,4
136-1.jpg,4
136-2.jpg,4
136-3.jpg,4
136-4.jpg,4
136-5.jpg,4
136-6.jpg,4
136-7.jpg,4
136-8.jpg,4
136-9.jpg,4
136-10.jpg,4
137-1.jpg,4
137-2.jpg,2
137-3.jpg,1
137-4.jpg,4
137-5.jpg,4
137-6.jpg,4
137-7.jpg,2
137-8.jpg,4
137-9.jpg,4
137-10.jpg,2
138-1.jpg,4
138-2.jpg,4
138-3.jpg,4
138-4.jpg,4
138-5.jpg,4
138-6.jpg,4
138-7.jpg,4
138-8.jpg,4
138-9.jpg,4
138-10.jpg,4
139-1.jpg,4
139-2.jpg,4
139-3.jpg,4
139-4.jpg,4
139-5.jpg,4
139-6.jpg,4
139-7.jpg,4
139-8.jpg,2
139-9.jpg,2
139-10.jpg,2
140-1.jpg,2
140-2.jpg,2
140-3.jpg,2
140-4.jpg,4
140-5.jpg,2
140-6.jpg,4
140-7.jpg,2
140-8.jpg,4
140-9.jpg,1
140-10.jpg,2
141-1.jpg,1
141-2.jpg,1
141-3.jpg,2
141-4.jpg,2
141-5.jpg,2
141-6.jpg,1
141-7.jpg,4
141-8.jpg,1
141-9.jpg,2
141-10.jpg,2
142-1.jpg,2
142-2.jpg,2
142-3.jpg,2
142-4.jpg,2
142-5.jpg,2
142-6.jpg,2
142-7.jpg,2
142-8.jpg,2
142-9.jpg,2
142-10.jpg,2
143-1.jpg,4
143-2.jpg,4
143-3.jpg,4
143-4.jpg,4
143-5.jpg,4
143-6.jpg,4
143-7.jpg,4
143-8.jpg,4
143-9.jpg,4
143-10.jpg,4
144-1.jpg,2
144-2.jpg,2
144-3.jpg,2
144-4.jpg,2
144-5.jpg,4
144-6.jpg,2
144-7.jpg,4
144-8.jpg,2
144-9.jpg,2
144-10.jpg,2
145-1.jpg,2
145-2.jpg,2
145-3.jpg,2
145-4.jpg,2
145-5.jpg,2
145-6.jpg,2
145-7.jpg,2
145-8.jpg,4
145-9.jpg,2
145-10.jpg,2
146-1.jpg,2
146-2.jpg,2
146-3.jpg,2
146-4.jpg,4
146-5.jpg,2
146-6.jpg,2
146-7.jpg,4
146-8.jpg,4
146-9.jpg,2
146-10.jpg,2
147-1.jpg,2
147-2.jpg,2
147-3.jpg,2
147-4.jpg,4
147-5.jpg,4
147-6.jpg,2
147-7.jpg,2
147-8.jpg,2
147-9.jpg,4
147-10.jpg,2
148-1.jpg,2
148-2.jpg,2
148-3.jpg,4
148-4.jpg,2
148-5.jpg,2
148-6.jpg,1
148-7.jpg,1
148-8.jpg,2
148-9.jpg,2
148-10.jpg,4
149-1.jpg,4
149-2.jpg,2
149-3.jpg,2
149-4.jpg,2
149-5.jpg,4
149-6.jpg,2
149-7.jpg,2
149-8.jpg,4
149-9.jpg,4
149-10.jpg,4
150-1.jpg,2
150-2.jpg,4
150-3.jpg,2
150-4.jpg,2
150-5.jpg,2
150-6.jpg,4
150-7.jpg,2
150-8.jpg,2
150-9.jpg,4
150-10.jpg,2
151-1.jpg,2
151-2.jpg,2
151-3.jpg,2
151-4.jpg,2
151-5.jpg,2
151-6.jpg,2
151-7.jpg,2
151-8.jpg,2
151-9.jpg,2
151-10.jpg,2
152-1.jpg,4
152-2.jpg,4
152-3.jpg,2
152-4.jpg,2
152-5.jpg,2
152-6.jpg,2
152-7.jpg,2
152-8.jpg,4
152-9.jpg,2
152-10.jpg,2
153-1.jpg,1
153-2.jpg,4
153-3.jpg,4
153-4.jpg,4
153-5.jpg,1
153-6.jpg,4
153-7.jpg,2
153-8.jpg,1
153-9.jpg,4
153-10.jpg,4
154-1.jpg,2
154-2.jpg,2
154-3.jpg,2
154-4.jpg,4
154-5.jpg,2
154-6.jpg,1
154-7.jpg,2
154-8.jpg,2
154-9.jpg,2
154-10.jpg,4
155-1.jpg,4
155-2.jpg,4
155-3.jpg,4
155-4.jpg,4
155-5.jpg,4
155-6.jpg,4
155-7.jpg,4
155-8.jpg,4
155-9.jpg,4
155-10.jpg,4
156-1.jpg,4
156-2.jpg,4
156-3.jpg,4
156-4.jpg,4
156-5.jpg,4
156-6.jpg,4
156-7.jpg,4
156-8.jpg,4
156-9.jpg,4
156-10.jpg,4
157-1.jpg,2
157-2.jpg,2
157-3.jpg,2
157-4.jpg,2
157-5.jpg,2
157-6.jpg,2
157-7.jpg,2
157-8.jpg,2
157-9.jpg,2
157-10.jpg,2
158-1.jpg,2
158-2.jpg,2
158-3.jpg,2
158-4.jpg,2
158-5.jpg,2
158-6.jpg,1
158-7.jpg,2
158-8.jpg,2
158-9.jpg,1
158-10.jpg,2
159-1.jpg,2
159-2.jpg,2
159-3.jpg,2
159-4.jpg,2
159-5.jpg,2
159-6.jpg,2
159-7.jpg,2
159-8.jpg,2
159-9.jpg,2
159-10.jpg,2
160-1.jpg,4
160-2.jpg,4
160-3.jpg,4
160-4.jpg,4
160-5.jpg,2
160-6.jpg,4
160-7.jpg,4
160-8.jpg,2
160-9.jpg,4
160-10.jpg,4
161-1.jpg,2
161-2.jpg,2
161-3.jpg,2
161-4.jpg,2
161-5.jpg,2
161-6.jpg,2
161-7.jpg,2
161-8.jpg,2
161-9.jpg,1
161-10.jpg,1
162-1.jpg,2
162-2.jpg,2
162-3.jpg,2
162-4.jpg,4
162-5.jpg,2
162-6.jpg,4
162-7.jpg,2
162-8.jpg,4
162-9.jpg,4
162-10.jpg,2
163-1.jpg,4
163-2.jpg,4
163-3.jpg,4
163-4.jpg,4
163-5.jpg,4
163-6.jpg,4
163-7.jpg,4
163-8.jpg,4
163-9.jpg,4
163-10.jpg,4
164-1.jpg,4
164-2.jpg,4
164-3.jpg,4
164-4.jpg,4
164-5.jpg,4
164-6.jpg,4
164-7.jpg,4
164-8.jpg,2
164-9.jpg,4
164-10.jpg,2
165-1.jpg,2
165-2.jpg,2
165-3.jpg,2
165-4.jpg,2
165-5.jpg,2
165-6.jpg,2
165-7.jpg,2
165-8.jpg,2
165-9.jpg,2
165-10.jpg,2
166-1.jpg,4
166-2.jpg,4
166-3.jpg,4
166-4.jpg,4
166-5.jpg,4
166-6.jpg,4
166-7.jpg,4
166-8.jpg,4
166-9.jpg,2
166-10.jpg,4
167-1.jpg,4
167-2.jpg,4
167-3.jpg,4
167-4.jpg,4
167-5.jpg,4
167-6.jpg,4
167-7.jpg,4
167-8.jpg,4
167-9.jpg,4
167-10.jpg,4
168-1.jpg,2
168-2.jpg,2
168-3.jpg,2
168-4.jpg,2
168-5.jpg,2
168-6.jpg,2
168-7.jpg,2
168-8.jpg,2
168-9.jpg,2
168-10.jpg,2
169-1.jpg,2
169-2.jpg,2
169-3.jpg,2
169-4.jpg,4
169-5.jpg,2
169-6.jpg,2
169-7.jpg,2
169-8.jpg,2
169-9.jpg,2
169-10.jpg,4
170-1.jpg,2
170-2.jpg,2
170-3.jpg,2
170-4.jpg,2
170-5.jpg,2
170-6.jpg,2
170-7.jpg,2
170-8.jpg,2
170-9.jpg,2
170-10.jpg,2
171-1.jpg,2
171-2.jpg,2
171-3.jpg,2
171-4.jpg,2
171-5.jpg,2
171-6.jpg,4
171-7.jpg,4
171-8.jpg,4
171-9.jpg,4
171-10.jpg,2
172-1.jpg,4
172-2.jpg,4
172-3.jpg,2
172-4.jpg,4
172-5.jpg,2
172-6.jpg,2
172-7.jpg,4
172-8.jpg,4
172-9.jpg,2
172-10.jpg,4
173-1.jpg,4
173-2.jpg,4
173-3.jpg,4
173-4.jpg,4
173-5.jpg,4
173-6.jpg,4
173-7.jpg,4
173-8.jpg,4
173-9.jpg,4
173-10.jpg,4
174-1.jpg,4
174-2.jpg,2
174-3.jpg,2
174-4.jpg,2
174-5.jpg,2
174-6.jpg,1
174-7.jpg,1
174-8.jpg,2
174-9.jpg,1
174-10.jpg,2
175-1.jpg,4
175-2.jpg,4
175-3.jpg,4
175-4.jpg,4
175-5.jpg,2
175-6.jpg,2
175-7.jpg,4
175-8.jpg,4
175-9.jpg,2
175-10.jpg,2
176-1.jpg,4
176-2.jpg,2
176-3.jpg,2
176-4.jpg,2
176-5.jpg,2
176-6.jpg,4
176-7.jpg,2
176-8.jpg,4
176-9.jpg,2
176-10.jpg,4
177-1.jpg,2
177-2.jpg,2
177-3.jpg,2
177-4.jpg,2
177-5.jpg,2
177-6.jpg,2
177-7.jpg,2
177-8.jpg,2
177-9.jpg,2
177-10.jpg,2
178-1.jpg,1
178-2.jpg,2
178-3.jpg,2
178-4.jpg,2
178-5.jpg,4
178-6.jpg,4
178-7.jpg,4
178-8.jpg,1
178-9.jpg,2
178-10.jpg,4
179-1.jpg,1
179-2.jpg,4
179-3.jpg,4
179-4.jpg,4
179-5.jpg,4
179-6.jpg,4
179-7.jpg,4
179-8.jpg,4
179-9.jpg,4
179-10.jpg,4
180-1.jpg,4
180-2.jpg,4
180-3.jpg,4
180-4.jpg,4
180-5.jpg,4
180-6.jpg,4
180-7.jpg,4
180-8.jpg,4
180-9.jpg,4
180-10.jpg,4
181-1.jpg,4
181-2.jpg,4
181-3.jpg,4
181-4.jpg,4
181-5.jpg,4
181-6.jpg,2
181-7.jpg,4
181-8.jpg,4
181-9.jpg,4
181-10.jpg,2
182-1.jpg,2
182-2.jpg,2
182-3.jpg,1
182-4.jpg,2
182-5.jpg,2
182-6.jpg,1
182-7.jpg,1
182-8.jpg,2
182-9.jpg,2
182-10.jpg,1
183-1.jpg,4
183-2.jpg,2
183-3.jpg,2
183-4.jpg,2
183-5.jpg,2
183-6.jpg,2
183-7.jpg,2
183-8.jpg,4
183-9.jpg,4
183-10.jpg,1
184-1.jpg,4
184-2.jpg,4
184-3.jpg,4
184-4.jpg,4
184-5.jpg,4
184-6.jpg,4
184-7.jpg,4
184-8.jpg,4
184-9.jpg,4
184-10.jpg,4
185-1.jpg,4
185-2.jpg,4
185-3.jpg,4
185-4.jpg,4
185-5.jpg,4
185-6.jpg,2
185-7.jpg,4
185-8.jpg,4
185-9.jpg,4
185-10.jpg,2
186-1.jpg,1
186-2.jpg,2
186-3.jpg,2
186-4.jpg,2
186-5.jpg,4
186-6.jpg,2
186-7.jpg,2
186-8.jpg,2
186-9.jpg,2
186-10.jpg,2
187-1.jpg,2
187-2.jpg,4
187-3.jpg,2
187-4.jpg,1
187-5.jpg,4
187-6.jpg,4
187-7.jpg,4
187-8.jpg,4
187-9.jpg,2
187-10.jpg,1
188-1.jpg,2
188-2.jpg,2
188-3.jpg,2
188-4.jpg,2
188-5.jpg,2
188-6.jpg,2
188-7.jpg,2
188-8.jpg,2
188-9.jpg,2
188-10.jpg,2
189-1.jpg,1
189-2.jpg,2
189-3.jpg,2
189-4.jpg,2
189-5.jpg,1
189-6.jpg,2
189-7.jpg,1
189-8.jpg,2
189-9.jpg,2
189-10.jpg,2
190-1.jpg,2
190-2.jpg,4
190-3.jpg,4
190-4.jpg,4
190-5.jpg,4
190-6.jpg,4
190-7.jpg,4
190-8.jpg,4
190-9.jpg,4
190-10.jpg,4
191-1.jpg,2
191-2.jpg,2
191-3.jpg,2
191-4.jpg,2
191-5.jpg,2
191-6.jpg,2
191-7.jpg,2
191-8.jpg,2
191-9.jpg,2
191-10.jpg,2
192-1.jpg,2
192-2.jpg,1
192-3.jpg,2
192-4.jpg,1
192-5.jpg,1
192-6.jpg,2
192-7.jpg,1
192-8.jpg,2
192-9.jpg,1
192-10.jpg,2
193-1.jpg,1
193-2.jpg,1
193-3.jpg,2
193-4.jpg,2
193-5.jpg,2
193-6.jpg,2
193-7.jpg,2
193-8.jpg,2
193-9.jpg,2
193-10.jpg,2
194-1.jpg,2
194-2.jpg,2
194-3.jpg,2
194-4.jpg,2
194-5.jpg,2
194-6.jpg,2
194-7.jpg,2
194-8.jpg,4
194-9.jpg,2
194-10.jpg,2
195-1.jpg,2
195-2.jpg,2
195-3.jpg,4
195-4.jpg,2
195-5.jpg,4
195-6.jpg,2
195-7.jpg,2
195-8.jpg,2
195-9.jpg,2
195-10.jpg,2
196-1.jpg,4
196-2.jpg,2
196-3.jpg,2
196-4.jpg,2
196-5.jpg,2
196-6.jpg,4
196-7.jpg,2
196-8.jpg,2
196-9.jpg,4
196-10.jpg,4
197-1.jpg,4
197-2.jpg,4
197-3.jpg,2
197-4.jpg,2
197-5.jpg,4
197-6.jpg,2
197-7.jpg,2
197-8.jpg,2
197-9.jpg,4
197-10.jpg,4
198-1.jpg,2
198-2.jpg,2
198-3.jpg,2
198-4.jpg,2
198-5.jpg,2
198-6.jpg,4
198-7.jpg,2
198-8.jpg,2
198-9.jpg,2
198-10.jpg,4
199-1.jpg,2
199-2.jpg,2
199-3.jpg,2
199-4.jpg,4
199-5.jpg,4
199-6.jpg,4
199-7.jpg,2
199-8.jpg,2
199-9.jpg,2
199-10.jpg,2
200-1.jpg,2
200-2.jpg,2
200-3.jpg,2
200-4.jpg,2
200-5.jpg,4
200-6.jpg,2
200-7.jpg,4
200-8.jpg,2
200-9.jpg,2
200-10.jpg,2
201-1.jpg,2
201-2.jpg,2
201-3.jpg,2
201-4.jpg,2
201-5.jpg,2
201-6.jpg,2
201-7.jpg,2
201-8.jpg,2
201-9.jpg,2
201-10.jpg,2
202-1.jpg,4
202-2.jpg,4
202-3.jpg,4
202-4.jpg,4
202-5.jpg,4
202-6.jpg,4
202-7.jpg,4
202-8.jpg,4
202-9.jpg,4
202-10.jpg,4